Variable,Scenario,id,Pool,WEI+_Int,WEI_AbsInt,WEI+,WEI_Abs
Thermal,Baseline,1980,CAPP,1.20488E-07,1.50823E-05,7.55437E-08,9.4563E-06
Thermal,Baseline,1981,CAPP,1.69688E-07,2.07296E-05,1.06391E-07,1.29971E-05
Thermal,Baseline,1982,CAPP,1.11291E-07,1.01012E-05,6.9777E-08,6.33323E-06
Thermal,Baseline,1983,CAPP,2.29558E-07,3.58014E-05,1.43928E-07,2.24468E-05
Thermal,Baseline,1984,CAPP,1.81707E-07,2.40828E-05,1.13927E-07,1.50994E-05
Thermal,Baseline,1985,CAPP,7.83243E-08,5.15611E-06,4.91078E-08,3.23278E-06
Thermal,Baseline,1986,CAPP,7.33904E-08,3.6612E-06,4.60144E-08,2.2955E-06
Thermal,Baseline,1987,CAPP,7.52126E-08,3.03733E-06,4.71568E-08,1.90435E-06
Thermal,Baseline,1988,CAPP,5.84631E-08,1.61541E-06,3.66552E-08,1.01283E-06
Thermal,Baseline,1989,CAPP,4.5313E-08,2.31495E-07,2.84104E-08,1.45143E-07
Thermal,Baseline,1990,CAPP,6.3557E-08,1.8831E-06,3.9849E-08,1.18066E-06
Thermal,Baseline,1991,CAPP,7.29229E-08,3.01532E-06,4.57213E-08,1.89055E-06
Thermal,Baseline,1992,CAPP,1.56177E-07,2.21035E-05,9.792E-08,1.38584E-05
Thermal,Baseline,1993,CAPP,1.63816E-07,2.22432E-05,1.02709E-07,1.3946E-05
Thermal,Baseline,1994,CAPP,1.13432E-07,1.34378E-05,7.11198E-08,8.42524E-06
Thermal,Baseline,1995,CAPP,1.45809E-07,1.75112E-05,9.14192E-08,1.09792E-05
Thermal,Baseline,1996,CAPP,4.96634E-08,1.49067E-06,3.1138E-08,9.34619E-07
Thermal,Baseline,1997,CAPP,5.85193E-08,2.05015E-06,3.66905E-08,1.2854E-06
Thermal,Baseline,1998,CAPP,1.61472E-07,2.06359E-05,1.0124E-07,1.29383E-05
Thermal,Baseline,1999,CAPP,1.79449E-07,2.52178E-05,1.12511E-07,1.58111E-05
Thermal,Baseline,2000,CAPP,2.03902E-07,2.47854E-05,1.27843E-07,1.55399E-05
Thermal,Baseline,2001,CAPP,2.05696E-07,2.70471E-05,1.28968E-07,1.6958E-05
Thermal,Baseline,2002,CAPP,9.96168E-08,5.69791E-06,6.24578E-08,3.57248E-06
Thermal,Baseline,2003,CAPP,7.5316E-08,2.81016E-06,4.72217E-08,1.76192E-06
Thermal,Baseline,2004,CAPP,1.19029E-07,1.2307E-05,7.46292E-08,7.71624E-06
Thermal,Baseline,2005,CAPP,2.19618E-07,3.1696E-05,1.37696E-07,1.98728E-05
Thermal,Baseline,2006,CAPP,5.94236E-08,1.68099E-06,3.72575E-08,1.05395E-06
Thermal,Baseline,2007,CAPP,1.57547E-07,2.13513E-05,9.87791E-08,1.33869E-05
Thermal,Baseline,2008,CAPP,9.3193E-08,5.31427E-06,5.84302E-08,3.33194E-06
Thermal,Baseline,2009,CAPP,8.26765E-08,7.53048E-06,5.18365E-08,4.72146E-06
Thermal,Baseline,2010,CAPP,7.49701E-08,5.91566E-06,4.70048E-08,3.70901E-06
Thermal,Baseline,2011,CAPP,5.46435E-08,8.39357E-07,3.42604E-08,5.2626E-07
Thermal,Baseline,2012,CAPP,1.09265E-07,8.78925E-06,6.85072E-08,5.51069E-06
Thermal,Baseline,2013,CAPP,1.40271E-07,1.92803E-05,8.79473E-08,1.20884E-05
Thermal,Baseline,2014,CAPP,1.16309E-07,1.44566E-05,7.29235E-08,9.06401E-06
Thermal,Baseline,2015,CAPP,8.14945E-08,1.01587E-05,5.10955E-08,6.36931E-06
Thermal,Baseline,2016,CAPP,1.84805E-07,2.75453E-05,1.15869E-07,1.72704E-05
Thermal,Baseline,2017,CAPP,1.97401E-07,3.15061E-05,1.23766E-07,1.97537E-05
Thermal,Baseline,2018,CAPP,5.24153E-08,4.34142E-07,3.28634E-08,2.72199E-07
Thermal,Baseline,1980,EAPP,0.000326701,0.015976059,0.000211733,0.010354008
Thermal,Baseline,1981,EAPP,0.000323581,0.015889856,0.000209711,0.01029814
Thermal,Baseline,1982,EAPP,0.000328457,0.015983031,0.000212872,0.010358526
Thermal,Baseline,1983,EAPP,0.000341996,0.016240404,0.000221646,0.010525328
Thermal,Baseline,1984,EAPP,0.0003236,0.015917073,0.000209724,0.010315779
Thermal,Baseline,1985,EAPP,0.000323171,0.015882168,0.000209445,0.010293157
Thermal,Baseline,1986,EAPP,0.000316861,0.015762348,0.000205356,0.010215502
Thermal,Baseline,1987,EAPP,0.000309708,0.015626074,0.00020072,0.010127184
Thermal,Baseline,1988,EAPP,0.000313633,0.01572754,0.000203264,0.010192943
Thermal,Baseline,1989,EAPP,0.000317637,0.015776767,0.000205859,0.010224847
Thermal,Baseline,1990,EAPP,0.000324637,0.015910084,0.000210396,0.010311249
Thermal,Baseline,1991,EAPP,0.000321647,0.015853149,0.000208458,0.01027435
Thermal,Baseline,1992,EAPP,0.000327809,0.01599767,0.000212451,0.010368013
Thermal,Baseline,1993,EAPP,0.000345611,0.016309093,0.000223989,0.010569845
Thermal,Baseline,1994,EAPP,0.000336425,0.01613422,0.000218036,0.010456511
Thermal,Baseline,1995,EAPP,0.000327393,0.015962555,0.000212182,0.010345255
Thermal,Baseline,1996,EAPP,0.000318803,0.015825674,0.000206615,0.010256544
Thermal,Baseline,1997,EAPP,0.000329176,0.015996473,0.000213337,0.010367238
Thermal,Baseline,1998,EAPP,0.000319883,0.015819766,0.000207315,0.010252715
Thermal,Baseline,1999,EAPP,0.000334886,0.016105021,0.000217038,0.010437587
Thermal,Baseline,2000,EAPP,0.000346161,0.016306196,0.000224345,0.010567967
Thermal,Baseline,2001,EAPP,0.000322641,0.015872023,0.000209102,0.010286582
Thermal,Baseline,2002,EAPP,0.000339418,0.016191456,0.000219975,0.010493605
Thermal,Baseline,2003,EAPP,0.000337946,0.016164195,0.000219021,0.010475937
Thermal,Baseline,2004,EAPP,0.000338879,0.015945398,0.000219626,0.010334136
Thermal,Baseline,2005,EAPP,0.000333376,0.015914446,0.000216059,0.010314076
Thermal,Baseline,2006,EAPP,0.000327851,0.015970108,0.000212479,0.010350151
Thermal,Baseline,2007,EAPP,0.000335221,0.015941179,0.000217255,0.010331402
Thermal,Baseline,2008,EAPP,0.000338932,0.016208848,0.00021966,0.010504877
Thermal,Baseline,2009,EAPP,0.000344316,0.016171356,0.000223149,0.010480579
Thermal,Baseline,2010,EAPP,0.00032511,0.015909064,0.000210702,0.010310588
Thermal,Baseline,2011,EAPP,0.00032396,0.015897254,0.000209957,0.010302934
Thermal,Baseline,2012,EAPP,0.000333047,0.015360162,0.000215846,0.009954847
Thermal,Baseline,2013,EAPP,0.000332996,0.015758155,0.000215813,0.010212785
Thermal,Baseline,2014,EAPP,0.000346445,0.015108199,0.000224529,0.009791551
Thermal,Baseline,2015,EAPP,0.000345691,0.015135794,0.000224041,0.009809436
Thermal,Baseline,2016,EAPP,0.000345857,0.01549358,0.000224148,0.010041315
Thermal,Baseline,2017,EAPP,0.000350029,0.014743017,0.000226852,0.009554879
Thermal,Baseline,2018,EAPP,0.000332608,0.015203654,0.000215562,0.009853416
Thermal,Baseline,1980,NAPP,0.001943228,0.158249621,0.001542291,0.125598658
Thermal,Baseline,1981,NAPP,0.001929455,0.156712885,0.001531359,0.12437899
Thermal,Baseline,1982,NAPP,0.001939657,0.157912384,0.001539456,0.125331001
Thermal,Baseline,1983,NAPP,0.001949782,0.158539133,0.001547492,0.125828436
Thermal,Baseline,1984,NAPP,0.001949477,0.158586667,0.00154725,0.125866163
Thermal,Baseline,1985,NAPP,0.001936484,0.157681271,0.001536938,0.125147573
Thermal,Baseline,1986,NAPP,0.001930454,0.15704279,0.001532151,0.124640827
Thermal,Baseline,1987,NAPP,0.001940719,0.158062068,0.001540299,0.125449802
Thermal,Baseline,1988,NAPP,0.001941406,0.158111066,0.001540844,0.125488691
Thermal,Baseline,1989,NAPP,0.00193905,0.158069169,0.001538974,0.125455438
Thermal,Baseline,1990,NAPP,0.001948045,0.158474454,0.001546113,0.125777102
Thermal,Baseline,1991,NAPP,0.001935537,0.157482794,0.001536186,0.124990047
Thermal,Baseline,1992,NAPP,0.001947619,0.15887179,0.001545775,0.126092457
Thermal,Baseline,1993,NAPP,0.001949789,0.158523767,0.001547497,0.125816241
Thermal,Baseline,1994,NAPP,0.001934763,0.157459843,0.001535571,0.124971831
Thermal,Baseline,1995,NAPP,0.001947448,0.158534753,0.00154564,0.12582496
Thermal,Baseline,1996,NAPP,0.001946646,0.158630687,0.001545003,0.1259011
Thermal,Baseline,1997,NAPP,0.001952281,0.158612807,0.001549475,0.125886909
Thermal,Baseline,1998,NAPP,0.001936391,0.15751877,0.001536864,0.1250186
Thermal,Baseline,1999,NAPP,0.001947483,0.158622347,0.001545668,0.125894481
Thermal,Baseline,2000,NAPP,0.001962634,0.157830337,0.001557692,0.125265883
Thermal,Baseline,2001,NAPP,0.001946998,0.158406425,0.001545282,0.125723109
Thermal,Baseline,2002,NAPP,0.001951923,0.158566423,0.001549191,0.125850096
Thermal,Baseline,2003,NAPP,0.001945526,0.158447467,0.001544114,0.125755683
Thermal,Baseline,2004,NAPP,0.001954211,0.159259081,0.001551007,0.12639984
Thermal,Baseline,2005,NAPP,0.001949194,0.15859819,0.001547025,0.125875308
Thermal,Baseline,2006,NAPP,0.001948636,0.158170787,0.001546582,0.125536089
Thermal,Baseline,2007,NAPP,0.001941904,0.15836401,0.00154124,0.125689446
Thermal,Baseline,2008,NAPP,0.001954642,0.159113267,0.001551349,0.126284112
Thermal,Baseline,2009,NAPP,0.001948174,0.158554856,0.001546215,0.125840915
Thermal,Baseline,2010,NAPP,0.001938264,0.157753976,0.001538351,0.125205277
Thermal,Baseline,2011,NAPP,0.001941232,0.158125516,0.001540706,0.125500159
Thermal,Baseline,2012,NAPP,0.001942261,0.158375101,0.001541523,0.125698248
Thermal,Baseline,2013,NAPP,0.001938703,0.158021363,0.001538699,0.125417495
Thermal,Baseline,2014,NAPP,0.001944633,0.158401254,0.001543405,0.125719005
Thermal,Baseline,2015,NAPP,0.001938384,0.157886001,0.001538445,0.125310062
Thermal,Baseline,2016,NAPP,0.00195503,0.15925895,0.001551657,0.126399737
Thermal,Baseline,2017,NAPP,0.001951847,0.158659779,0.001549131,0.12592419
Thermal,Baseline,2018,NAPP,0.00194157,0.158259422,0.001540974,0.125606437
Thermal,Baseline,1980,SAPP,0.000864998,0.148133261,0.000580188,0.099358702
Thermal,Baseline,1981,SAPP,0.00088565,0.162352926,0.000594039,0.108896381
Thermal,Baseline,1982,SAPP,0.000889071,0.161978732,0.000596334,0.108645395
Thermal,Baseline,1983,SAPP,0.000871355,0.126381443,0.000584451,0.084768917
Thermal,Baseline,1984,SAPP,0.000879848,0.098364067,0.000590148,0.065976581
Thermal,Baseline,1985,SAPP,0.000853762,0.118806,0.000572651,0.079687775
Thermal,Baseline,1986,SAPP,0.000868397,0.142735727,0.000582468,0.095738367
Thermal,Baseline,1987,SAPP,0.000851499,0.148632172,0.000571134,0.099693341
Thermal,Baseline,1988,SAPP,0.000884248,0.147008901,0.000593099,0.09860455
Thermal,Baseline,1989,SAPP,0.000879058,0.151007827,0.000589618,0.101286784
Thermal,Baseline,1990,SAPP,0.00088075,0.14822193,0.000590753,0.099418176
Thermal,Baseline,1991,SAPP,0.000879397,0.127315325,0.000589846,0.085395308
Thermal,Baseline,1992,SAPP,0.000895301,0.126463583,0.000600513,0.084824012
Thermal,Baseline,1993,SAPP,0.000893234,0.135128847,0.000599127,0.090636139
Thermal,Baseline,1994,SAPP,0.000887548,0.144077235,0.000595313,0.096638169
Thermal,Baseline,1995,SAPP,0.00087495,0.159577898,0.000586863,0.107035063
Thermal,Baseline,1996,SAPP,0.000911282,0.137955655,0.000611232,0.092532189
Thermal,Baseline,1997,SAPP,0.00090726,0.113746313,0.000608535,0.076294047
Thermal,Baseline,1998,SAPP,0.000845923,0.145482184,0.000567393,0.097580523
Thermal,Baseline,1999,SAPP,0.000898944,0.129516504,0.000602956,0.086871724
Thermal,Baseline,2000,SAPP,0.000932055,0.141845943,0.000625165,0.095141555
Thermal,Baseline,2001,SAPP,0.00087861,0.157598196,0.000589318,0.1057072
Thermal,Baseline,2002,SAPP,0.000890953,0.11727596,0.000597597,0.078661518
Thermal,Baseline,2003,SAPP,0.000900422,0.132758315,0.000603948,0.089046132
Thermal,Baseline,2004,SAPP,0.000911142,0.134336977,0.000611138,0.090105002
Thermal,Baseline,2005,SAPP,0.000902003,0.121735753,0.000605008,0.081652874
Thermal,Baseline,2006,SAPP,0.000906165,0.127893082,0.0006078,0.085782832
Thermal,Baseline,2007,SAPP,0.000877318,0.126835063,0.000588451,0.085073178
Thermal,Baseline,2008,SAPP,0.000913319,0.114487019,0.000612598,0.076790868
Thermal,Baseline,2009,SAPP,0.000913816,0.112055955,0.000612932,0.075160259
Thermal,Baseline,2010,SAPP,0.000869647,0.156003975,0.000583306,0.104637894
Thermal,Baseline,2011,SAPP,0.00089261,0.131857222,0.000598708,0.088441734
Thermal,Baseline,2012,SAPP,0.000895374,0.138777428,0.000600562,0.093083384
Thermal,Baseline,2013,SAPP,0.000884167,0.149684762,0.000593045,0.100399354
Thermal,Baseline,2014,SAPP,0.000886432,0.123680519,0.000594564,0.082957303
Thermal,Baseline,2015,SAPP,0.000892343,0.135838558,0.000598529,0.09111217
Thermal,Baseline,2016,SAPP,0.000871042,0.15622526,0.000584242,0.104786319
Thermal,Baseline,2017,SAPP,0.000898765,0.139529164,0.000602836,0.093587602
Thermal,Baseline,2018,SAPP,0.00086695,0.1412836,0.000581497,0.09476437
Thermal,Baseline,1980,WAPP,1.09427E-05,0.000760292,8.70754E-06,0.000604993
Thermal,Baseline,1981,WAPP,1.10785E-05,0.000753052,8.81557E-06,0.000599232
Thermal,Baseline,1982,WAPP,1.12593E-05,0.000769797,8.95944E-06,0.000612557
Thermal,Baseline,1983,WAPP,1.20364E-05,0.000876062,9.57782E-06,0.000697116
Thermal,Baseline,1984,WAPP,1.19831E-05,0.000821696,9.53542E-06,0.000653855
Thermal,Baseline,1985,WAPP,1.01143E-05,0.000697408,8.04836E-06,0.000554954
Thermal,Baseline,1986,WAPP,1.08487E-05,0.000749223,8.63274E-06,0.000596186
Thermal,Baseline,1987,WAPP,1.11945E-05,0.00081257,8.90792E-06,0.000646593
Thermal,Baseline,1988,WAPP,1.07108E-05,0.000713165,8.52298E-06,0.000567492
Thermal,Baseline,1989,WAPP,1.19434E-05,0.000836659,9.5038E-06,0.000665762
Thermal,Baseline,1990,WAPP,1.13817E-05,0.000779903,9.05687E-06,0.000620598
Thermal,Baseline,1991,WAPP,1.11784E-05,0.000808687,8.89509E-06,0.000643503
Thermal,Baseline,1992,WAPP,1.16506E-05,0.00080031,9.27085E-06,0.000636837
Thermal,Baseline,1993,WAPP,1.191E-05,0.000820987,9.47727E-06,0.000653291
Thermal,Baseline,1994,WAPP,1.09128E-05,0.000749337,8.68375E-06,0.000596276
Thermal,Baseline,1995,WAPP,1.09558E-05,0.000764065,8.71791E-06,0.000607996
Thermal,Baseline,1996,WAPP,1.1304E-05,0.000760776,8.99502E-06,0.000605379
Thermal,Baseline,1997,WAPP,1.22494E-05,0.000817635,9.74735E-06,0.000650624
Thermal,Baseline,1998,WAPP,1.10847E-05,0.000761312,8.82053E-06,0.000605805
Thermal,Baseline,1999,WAPP,1.17059E-05,0.000766653,9.31486E-06,0.000610055
Thermal,Baseline,2000,WAPP,1.32832E-05,0.001032703,1.057E-05,0.000821761
Thermal,Baseline,2001,WAPP,1.25164E-05,0.000839474,9.95976E-06,0.000668001
Thermal,Baseline,2002,WAPP,1.33323E-05,0.000965829,1.0609E-05,0.000768547
Thermal,Baseline,2003,WAPP,1.28187E-05,0.000961803,1.02003E-05,0.000765344
Thermal,Baseline,2004,WAPP,1.31949E-05,0.0009834,1.04997E-05,0.000782529
Thermal,Baseline,2005,WAPP,1.33558E-05,0.001005097,1.06278E-05,0.000799794
Thermal,Baseline,2006,WAPP,1.32306E-05,0.001008787,1.05281E-05,0.00080273
Thermal,Baseline,2007,WAPP,1.20561E-05,0.000827662,9.59352E-06,0.000658602
Thermal,Baseline,2008,WAPP,1.32098E-05,0.001011381,1.05116E-05,0.000804795
Thermal,Baseline,2009,WAPP,1.3377E-05,0.001065575,1.06446E-05,0.000847919
Thermal,Baseline,2010,WAPP,1.23391E-05,0.000860144,9.81868E-06,0.00068445
Thermal,Baseline,2011,WAPP,1.31769E-05,0.00090857,1.04854E-05,0.000722984
Thermal,Baseline,2012,WAPP,1.26402E-05,0.000906458,1.00583E-05,0.000721304
Thermal,Baseline,2013,WAPP,1.22546E-05,0.000827471,9.75145E-06,0.000658451
Thermal,Baseline,2014,WAPP,1.2782E-05,0.000869879,1.01711E-05,0.000692196
Thermal,Baseline,2015,WAPP,1.31112E-05,0.000991171,1.04331E-05,0.000788713
Thermal,Baseline,2016,WAPP,1.3051E-05,0.000931648,1.03852E-05,0.000741348
Thermal,Baseline,2017,WAPP,1.33436E-05,0.00114616,1.0618E-05,0.000912043
Thermal,Baseline,2018,WAPP,1.30741E-05,0.000963841,1.04036E-05,0.000766965
Thermal,Connected,1980,CAPP,2.98782E-08,2.76366E-08,1.8733E-08,1.73276E-08
Thermal,Connected,1981,CAPP,3.90315E-08,3.6796E-08,2.4472E-08,2.30704E-08
Thermal,Connected,1982,CAPP,2.87181E-08,2.64827E-08,1.80057E-08,1.66041E-08
Thermal,Connected,1983,CAPP,4.95174E-08,9.52832E-08,3.10464E-08,5.97407E-08
Thermal,Connected,1984,CAPP,4.34086E-08,4.11671E-08,2.72164E-08,2.58109E-08
Thermal,Connected,1985,CAPP,2.92675E-08,2.7032E-08,1.83501E-08,1.69485E-08
Thermal,Connected,1986,CAPP,1.91006E-08,1.73754E-08,1.19757E-08,1.0894E-08
Thermal,Connected,1987,CAPP,2.32656E-08,2.12029E-08,1.45871E-08,1.32938E-08
Thermal,Connected,1988,CAPP,1.88857E-08,1.66441E-08,1.1841E-08,1.04355E-08
Thermal,Connected,1989,CAPP,1.14381E-08,9.94998E-09,7.17149E-09,6.23844E-09
Thermal,Connected,1990,CAPP,2.0552E-08,1.89947E-08,1.28857E-08,1.19093E-08
Thermal,Connected,1991,CAPP,2.3866E-08,2.16489E-08,1.49635E-08,1.35734E-08
Thermal,Connected,1992,CAPP,4.30818E-08,4.08402E-08,2.70115E-08,2.5606E-08
Thermal,Connected,1993,CAPP,4.26544E-08,4.04189E-08,2.67435E-08,2.53419E-08
Thermal,Connected,1994,CAPP,2.8234E-08,2.59985E-08,1.77022E-08,1.63006E-08
Thermal,Connected,1995,CAPP,3.96132E-08,3.73962E-08,2.48367E-08,2.34467E-08
Thermal,Connected,1996,CAPP,1.63123E-08,1.40707E-08,1.02275E-08,8.82207E-09
Thermal,Connected,1997,CAPP,1.43215E-08,1.20861E-08,8.97933E-09,7.57773E-09
Thermal,Connected,1998,CAPP,3.37555E-08,3.16928E-08,2.1164E-08,1.98708E-08
Thermal,Connected,1999,CAPP,4.24087E-08,4.01732E-08,2.65894E-08,2.51878E-08
Thermal,Connected,2000,CAPP,4.049E-08,3.92507E-08,2.53864E-08,2.46094E-08
Thermal,Connected,2001,CAPP,4.21211E-08,3.98856E-08,2.64091E-08,2.50075E-08
Thermal,Connected,2002,CAPP,3.06754E-08,2.86975E-08,1.92329E-08,1.79928E-08
Thermal,Connected,2003,CAPP,2.80491E-08,2.61607E-08,1.75862E-08,1.64022E-08
Thermal,Connected,2004,CAPP,3.17894E-08,2.95477E-08,1.99313E-08,1.85258E-08
Thermal,Connected,2005,CAPP,4.5012E-08,4.27766E-08,2.82217E-08,2.68201E-08
Thermal,Connected,2006,CAPP,1.67955E-08,1.45723E-08,1.05305E-08,9.13656E-09
Thermal,Connected,2007,CAPP,4.12125E-08,3.89955E-08,2.58395E-08,2.44494E-08
Thermal,Connected,2008,CAPP,3.41741E-08,3.20336E-08,2.14265E-08,2.00845E-08
Thermal,Connected,2009,CAPP,2.67188E-08,2.44833E-08,1.67522E-08,1.53506E-08
Thermal,Connected,2010,CAPP,2.64484E-08,2.42129E-08,1.65826E-08,1.5181E-08
Thermal,Connected,2011,CAPP,1.72407E-08,1.5226E-08,1.08096E-08,9.54641E-09
Thermal,Connected,2012,CAPP,3.40265E-08,3.19578E-08,2.1334E-08,2.00369E-08
Thermal,Connected,2013,CAPP,3.75511E-08,3.54611E-08,2.35438E-08,2.22334E-08
Thermal,Connected,2014,CAPP,3.25488E-08,3.03134E-08,2.04075E-08,1.90059E-08
Thermal,Connected,2015,CAPP,2.82987E-08,2.60633E-08,1.77428E-08,1.63412E-08
Thermal,Connected,2016,CAPP,4.70903E-08,4.75191E-08,2.95247E-08,2.97935E-08
Thermal,Connected,2017,CAPP,4.20457E-08,4.37801E-08,2.63618E-08,2.74493E-08
Thermal,Connected,2018,CAPP,1.95846E-08,1.73491E-08,1.22792E-08,1.08776E-08
Thermal,Connected,1980,EAPP,0.000313953,0.01573083,0.000203471,0.010195075
Thermal,Connected,1981,EAPP,0.00030745,0.015580365,0.000199257,0.01009756
Thermal,Connected,1982,EAPP,0.000311667,0.015660606,0.00020199,0.010149564
Thermal,Connected,1983,EAPP,0.000323677,0.015889452,0.000209774,0.010297878
Thermal,Connected,1984,EAPP,0.000313849,0.015728754,0.000203404,0.01019373
Thermal,Connected,1985,EAPP,0.000305929,0.015551814,0.000198271,0.010079056
Thermal,Connected,1986,EAPP,0.00030159,0.015469019,0.000195459,0.010025397
Thermal,Connected,1987,EAPP,0.000294418,0.01533238,0.000190811,0.009936842
Thermal,Connected,1988,EAPP,0.000299764,0.01546091,0.000194276,0.010020142
Thermal,Connected,1989,EAPP,0.000304636,0.015526907,0.000197433,0.010062914
Thermal,Connected,1990,EAPP,0.000312256,0.015671788,0.000202372,0.010156811
Thermal,Connected,1991,EAPP,0.000308104,0.015592921,0.000199681,0.010105697
Thermal,Connected,1992,EAPP,0.000311864,0.015691041,0.000202118,0.010169289
Thermal,Connected,1993,EAPP,0.000328033,0.015972033,0.000212597,0.010351398
Thermal,Connected,1994,EAPP,0.000319696,0.015813581,0.000207194,0.010248706
Thermal,Connected,1995,EAPP,0.000313049,0.015687456,0.000202885,0.010166965
Thermal,Connected,1996,EAPP,0.000306899,0.015596516,0.0001989,0.010108027
Thermal,Connected,1997,EAPP,0.000313076,0.015687384,0.000202903,0.010166919
Thermal,Connected,1998,EAPP,0.000306973,0.01557138,0.000198948,0.010091737
Thermal,Connected,1999,EAPP,0.000320741,0.015833213,0.000207871,0.010261429
Thermal,Connected,2000,EAPP,0.000319448,0.015835272,0.000207032,0.010262764
Thermal,Connected,2001,EAPP,0.000306908,0.015570073,0.000198905,0.01009089
Thermal,Connected,2002,EAPP,0.000320998,0.015838746,0.000208037,0.010265016
Thermal,Connected,2003,EAPP,0.000320639,0.015832071,0.000207805,0.01026069
Thermal,Connected,2004,EAPP,0.000322166,0.015624775,0.000208794,0.010126342
Thermal,Connected,2005,EAPP,0.000316185,0.015584725,0.000204918,0.010100386
Thermal,Connected,2006,EAPP,0.000310213,0.015632015,0.000201047,0.010131034
Thermal,Connected,2007,EAPP,0.000317382,0.015599253,0.000205694,0.010109801
Thermal,Connected,2008,EAPP,0.000322963,0.015902291,0.000209311,0.010306199
Thermal,Connected,2009,EAPP,0.000326235,0.015824752,0.000211432,0.010255946
Thermal,Connected,2010,EAPP,0.00031493,0.015712696,0.000204105,0.010183323
Thermal,Connected,2011,EAPP,0.000310636,0.015640973,0.000201322,0.01013684
Thermal,Connected,2012,EAPP,0.00031789,0.015069123,0.000206023,0.009766227
Thermal,Connected,2013,EAPP,0.00031734,0.015458681,0.000205667,0.010018697
Thermal,Connected,2014,EAPP,0.00032865,0.014767041,0.000212997,0.009570449
Thermal,Connected,2015,EAPP,0.000327435,0.014785828,0.000212209,0.009582624
Thermal,Connected,2016,EAPP,0.000327185,0.015136241,0.000212047,0.009809726
Thermal,Connected,2017,EAPP,0.000329817,0.014355864,0.000213753,0.009303967
Thermal,Connected,2018,EAPP,0.000316507,0.014894704,0.000205126,0.009653187
Thermal,Connected,1980,NAPP,0.001907059,0.145346675,0.001513584,0.115357921
Thermal,Connected,1981,NAPP,0.001885315,0.143487558,0.001496326,0.113882388
Thermal,Connected,1982,NAPP,0.001909868,0.145664942,0.001515813,0.115610521
Thermal,Connected,1983,NAPP,0.001932556,0.147462765,0.00153382,0.117037408
Thermal,Connected,1984,NAPP,0.001932665,0.147928658,0.001533907,0.117407175
Thermal,Connected,1985,NAPP,0.001875586,0.142272447,0.001488605,0.112917985
Thermal,Connected,1986,NAPP,0.001883155,0.143406574,0.001494612,0.113818113
Thermal,Connected,1987,NAPP,0.001905656,0.145335791,0.00151247,0.115349283
Thermal,Connected,1988,NAPP,0.001891542,0.14369324,0.001501268,0.114045633
Thermal,Connected,1989,NAPP,0.001920363,0.146771347,0.001524143,0.116488647
Thermal,Connected,1990,NAPP,0.001914191,0.146019711,0.001519244,0.115892092
Thermal,Connected,1991,NAPP,0.001901165,0.145097739,0.001508906,0.115160348
Thermal,Connected,1992,NAPP,0.001929957,0.14764568,0.001531758,0.117182582
Thermal,Connected,1993,NAPP,0.001931187,0.147664328,0.001532734,0.117197383
Thermal,Connected,1994,NAPP,0.001899381,0.144960601,0.00150749,0.115051505
Thermal,Connected,1995,NAPP,0.001914783,0.146031032,0.001519714,0.115901078
Thermal,Connected,1996,NAPP,0.001910678,0.145820129,0.001516456,0.11573369
Thermal,Connected,1997,NAPP,0.001934954,0.14799691,0.001535724,0.117461345
Thermal,Connected,1998,NAPP,0.001891649,0.143917025,0.001501353,0.114223245
Thermal,Connected,1999,NAPP,0.00192657,0.147234306,0.001529069,0.116856085
Thermal,Connected,2000,NAPP,0.001951151,0.149249227,0.001548578,0.118455277
Thermal,Connected,2001,NAPP,0.001944321,0.148468979,0.001543158,0.117836014
Thermal,Connected,2002,NAPP,0.001956285,0.149212343,0.001552654,0.118426003
Thermal,Connected,2003,NAPP,0.001949619,0.148805346,0.001547362,0.118102979
Thermal,Connected,2004,NAPP,0.001957928,0.149397251,0.001553957,0.11857276
Thermal,Connected,2005,NAPP,0.001953253,0.14892689,0.001550247,0.118199446
Thermal,Connected,2006,NAPP,0.00195187,0.148872703,0.001549149,0.118156439
Thermal,Connected,2007,NAPP,0.001929619,0.147638652,0.001531489,0.117177005
Thermal,Connected,2008,NAPP,0.001959434,0.149486899,0.001555152,0.118643911
Thermal,Connected,2009,NAPP,0.001951902,0.148909106,0.001549174,0.118185331
Thermal,Connected,2010,NAPP,0.001924755,0.147003388,0.001527629,0.116672812
Thermal,Connected,2011,NAPP,0.001943826,0.148297019,0.001542764,0.117699534
Thermal,Connected,2012,NAPP,0.001945724,0.148301927,0.001544271,0.117703429
Thermal,Connected,2013,NAPP,0.001928398,0.147350427,0.00153052,0.116948247
Thermal,Connected,2014,NAPP,0.001946011,0.148511707,0.001544499,0.117869926
Thermal,Connected,2015,NAPP,0.00194278,0.148177099,0.001541935,0.117604356
Thermal,Connected,2016,NAPP,0.001959047,0.149497715,0.001554846,0.118652495
Thermal,Connected,2017,NAPP,0.001955429,0.14905463,0.001551974,0.11830083
Thermal,Connected,2018,NAPP,0.00194628,0.148574914,0.001544712,0.117920092
Thermal,Connected,1980,SAPP,0.000910807,0.14834503,0.000610914,0.099500744
Thermal,Connected,1981,SAPP,0.000936811,0.162585637,0.000628355,0.109052469
Thermal,Connected,1982,SAPP,0.000941587,0.162220764,0.000631559,0.108807735
Thermal,Connected,1983,SAPP,0.000926903,0.12663763,0.00062171,0.084940752
Thermal,Connected,1984,SAPP,0.000921212,0.098558218,0.000617892,0.066106805
Thermal,Connected,1985,SAPP,0.000907111,0.119051706,0.000608434,0.07985258
Thermal,Connected,1986,SAPP,0.000919957,0.142976252,0.00061705,0.095899697
Thermal,Connected,1987,SAPP,0.000902634,0.148870381,0.000605431,0.099853117
Thermal,Connected,1988,SAPP,0.000931973,0.147229211,0.000625111,0.098752321
Thermal,Connected,1989,SAPP,0.000927363,0.151233605,0.000622018,0.101438223
Thermal,Connected,1990,SAPP,0.000927142,0.148437509,0.00062187,0.099562773
Thermal,Connected,1991,SAPP,0.000927499,0.127539628,0.000622109,0.085545757
Thermal,Connected,1992,SAPP,0.000947738,0.126706852,0.000635685,0.084987181
Thermal,Connected,1993,SAPP,0.000945539,0.135370415,0.000634209,0.090798168
Thermal,Connected,1994,SAPP,0.0009404,0.144320632,0.000630763,0.096801425
Thermal,Connected,1995,SAPP,0.000923871,0.159805588,0.000619676,0.107187783
Thermal,Connected,1996,SAPP,0.000954414,0.13815415,0.000640162,0.092665327
Thermal,Connected,1997,SAPP,0.000959554,0.113986729,0.00064361,0.076455304
Thermal,Connected,1998,SAPP,0.000892187,0.14569609,0.000598424,0.097723998
Thermal,Connected,1999,SAPP,0.000946281,0.129733936,0.000634707,0.087017564
Thermal,Connected,2000,SAPP,0.00097663,0.143128017,0.000655064,0.096001492
Thermal,Connected,2001,SAPP,0.000931418,0.157845024,0.000624738,0.105872757
Thermal,Connected,2002,SAPP,0.000946341,0.117531213,0.000634747,0.078832726
Thermal,Connected,2003,SAPP,0.000953755,0.133002825,0.00063972,0.089210134
Thermal,Connected,2004,SAPP,0.00096309,0.134574934,0.000645982,0.090264608
Thermal,Connected,2005,SAPP,0.000954627,0.121979067,0.000640305,0.081816074
Thermal,Connected,2006,SAPP,0.000961189,0.128148399,0.000644706,0.085954083
Thermal,Connected,2007,SAPP,0.000932935,0.127093027,0.000625755,0.085246204
Thermal,Connected,2008,SAPP,0.000963417,0.114718338,0.000646201,0.076946022
Thermal,Connected,2009,SAPP,0.000967735,0.112304718,0.000649097,0.075327114
Thermal,Connected,2010,SAPP,0.00091192,0.156201928,0.00061166,0.104770669
Thermal,Connected,2011,SAPP,0.00094059,0.132079022,0.00063089,0.088590503
Thermal,Connected,2012,SAPP,0.000945808,0.139009382,0.00063439,0.093238964
Thermal,Connected,2013,SAPP,0.000936894,0.14993135,0.000628411,0.10056475
Thermal,Connected,2014,SAPP,0.00093954,0.123925007,0.000630186,0.083121291
Thermal,Connected,2015,SAPP,0.000948128,0.136095959,0.000635946,0.091284818
Thermal,Connected,2016,SAPP,0.000925825,0.156478154,0.000620987,0.104955944
Thermal,Connected,2017,SAPP,0.000956296,0.139794342,0.000641425,0.093765467
Thermal,Connected,2018,SAPP,0.000919227,0.141525134,0.000616561,0.094926376
Thermal,Connected,1980,WAPP,1.242E-05,0.001038506,9.88309E-06,0.000826379
Thermal,Connected,1981,WAPP,1.24325E-05,0.001048204,9.89298E-06,0.000834096
Thermal,Connected,1982,WAPP,1.24261E-05,0.001039622,9.88793E-06,0.000827267
Thermal,Connected,1983,WAPP,1.26459E-05,0.001293034,1.00628E-05,0.001028917
Thermal,Connected,1984,WAPP,1.27159E-05,0.001222877,1.01185E-05,0.00097309
Thermal,Connected,1985,WAPP,1.21361E-05,0.00082033,9.65717E-06,0.000652768
Thermal,Connected,1986,WAPP,1.23603E-05,0.000903882,9.83556E-06,0.000719253
Thermal,Connected,1987,WAPP,1.23875E-05,0.001061006,9.85719E-06,0.000844283
Thermal,Connected,1988,WAPP,1.23456E-05,0.000872714,9.82384E-06,0.000694452
Thermal,Connected,1989,WAPP,1.26651E-05,0.001222548,1.00781E-05,0.000972828
Thermal,Connected,1990,WAPP,1.24311E-05,0.001056054,9.89193E-06,0.000840342
Thermal,Connected,1991,WAPP,1.25011E-05,0.001031488,9.9476E-06,0.000820795
Thermal,Connected,1992,WAPP,1.26672E-05,0.001189335,1.00798E-05,0.000946399
Thermal,Connected,1993,WAPP,1.26499E-05,0.001253833,1.0066E-05,0.000997723
Thermal,Connected,1994,WAPP,1.24209E-05,0.001016332,9.88382E-06,0.000808734
Thermal,Connected,1995,WAPP,1.24469E-05,0.001042366,9.9045E-06,0.00082945
Thermal,Connected,1996,WAPP,1.24665E-05,0.000923284,9.92003E-06,0.000734692
Thermal,Connected,1997,WAPP,1.26417E-05,0.001273208,1.00595E-05,0.00101314
Thermal,Connected,1998,WAPP,1.23608E-05,0.00106303,9.83596E-06,0.000845894
Thermal,Connected,1999,WAPP,1.26148E-05,0.00117041,1.0038E-05,0.00093134
Thermal,Connected,2000,WAPP,1.26907E-05,0.001312085,1.00985E-05,0.001044076
Thermal,Connected,2001,WAPP,1.26529E-05,0.001309467,1.00684E-05,0.001041993
Thermal,Connected,2002,WAPP,1.30908E-05,0.001406379,1.04169E-05,0.00111911
Thermal,Connected,2003,WAPP,1.29339E-05,0.001373025,1.0292E-05,0.001092568
Thermal,Connected,2004,WAPP,1.30666E-05,0.001395216,1.03976E-05,0.001110227
Thermal,Connected,2005,WAPP,1.31576E-05,0.001417824,1.047E-05,0.001128217
Thermal,Connected,2006,WAPP,1.299E-05,0.001381149,1.03367E-05,0.001099033
Thermal,Connected,2007,WAPP,1.2649E-05,0.001298534,1.00653E-05,0.001033293
Thermal,Connected,2008,WAPP,1.315E-05,0.00141403,1.0464E-05,0.001125197
Thermal,Connected,2009,WAPP,1.30801E-05,0.001405517,1.04083E-05,0.001118423
Thermal,Connected,2010,WAPP,1.26504E-05,0.001291415,1.00664E-05,0.001027628
Thermal,Connected,2011,WAPP,1.28698E-05,0.001363342,1.0241E-05,0.001084864
Thermal,Connected,2012,WAPP,1.28434E-05,0.001349272,1.022E-05,0.001073667
Thermal,Connected,2013,WAPP,1.26528E-05,0.001305033,1.00683E-05,0.001038464
Thermal,Connected,2014,WAPP,1.27717E-05,0.001342904,1.0163E-05,0.0010686
Thermal,Connected,2015,WAPP,1.29246E-05,0.001371679,1.02846E-05,0.001091497
Thermal,Connected,2016,WAPP,1.30517E-05,0.001396329,1.03857E-05,0.001111113
Thermal,Connected,2017,WAPP,1.33968E-05,0.001453039,1.06603E-05,0.001156239
Thermal,Connected,2018,WAPP,1.29468E-05,0.001376469,1.03023E-05,0.001095309
Total,Baseline,1980,CAPP,1.40E-03,1.47E-01,8.79E-04,9.20E-02
Total,Baseline,1981,CAPP,9.68E-04,1.14E-01,6.07E-04,7.16E-02
Total,Baseline,1982,CAPP,1.44E-03,1.45E-01,9.02E-04,9.10E-02
Total,Baseline,1983,CAPP,7.79E-04,1.09E-01,4.88E-04,6.83E-02
Total,Baseline,1984,CAPP,9.46E-04,1.43E-01,5.93E-04,8.97E-02
Total,Baseline,1985,CAPP,1.32E-03,1.24E-01,8.30E-04,7.80E-02
Total,Baseline,1986,CAPP,1.71E-03,1.64E-01,1.07E-03,1.03E-01
Total,Baseline,1987,CAPP,1.39E-03,1.41E-01,8.72E-04,8.83E-02
Total,Baseline,1988,CAPP,1.64E-03,1.57E-01,1.03E-03,9.86E-02
Total,Baseline,1989,CAPP,1.73E-03,1.64E-01,1.08E-03,1.03E-01
Total,Baseline,1990,CAPP,1.59E-03,1.53E-01,9.95E-04,9.57E-02
Total,Baseline,1991,CAPP,1.49E-03,1.59E-01,9.36E-04,9.96E-02
Total,Baseline,1992,CAPP,1.14E-03,1.48E-01,7.14E-04,9.25E-02
Total,Baseline,1993,CAPP,9.25E-04,1.14E-01,5.80E-04,7.17E-02
Total,Baseline,1994,CAPP,1.48E-03,1.48E-01,9.28E-04,9.28E-02
Total,Baseline,1995,CAPP,1.18E-03,1.44E-01,7.42E-04,9.03E-02
Total,Baseline,1996,CAPP,1.91E-03,1.71E-01,1.20E-03,1.07E-01
Total,Baseline,1997,CAPP,1.68E-03,1.55E-01,1.05E-03,9.74E-02
Total,Baseline,1998,CAPP,1.19E-03,1.53E-01,7.46E-04,9.62E-02
Total,Baseline,1999,CAPP,1.02E-03,1.43E-01,6.36E-04,8.97E-02
Total,Baseline,2000,CAPP,7.06E-04,1.27E-01,4.43E-04,7.99E-02
Total,Baseline,2001,CAPP,7.60E-04,1.41E-01,4.77E-04,8.86E-02
Total,Baseline,2002,CAPP,1.14E-03,1.51E-01,7.15E-04,9.49E-02
Total,Baseline,2003,CAPP,1.47E-03,1.71E-01,9.24E-04,1.07E-01
Total,Baseline,2004,CAPP,1.32E-03,1.57E-01,8.26E-04,9.81E-02
Total,Baseline,2005,CAPP,8.01E-04,1.36E-01,5.02E-04,8.50E-02
Total,Baseline,2006,CAPP,1.51E-03,1.55E-01,9.48E-04,9.73E-02
Total,Baseline,2007,CAPP,1.14E-03,1.47E-01,7.18E-04,9.19E-02
Total,Baseline,2008,CAPP,1.27E-03,1.52E-01,7.94E-04,9.55E-02
Total,Baseline,2009,CAPP,1.78E-03,1.60E-01,1.12E-03,1.01E-01
Total,Baseline,2010,CAPP,1.63E-03,1.86E-01,1.02E-03,1.17E-01
Total,Baseline,2011,CAPP,1.72E-03,1.88E-01,1.08E-03,1.18E-01
Total,Baseline,2012,CAPP,1.24E-03,1.49E-01,7.75E-04,9.37E-02
Total,Baseline,2013,CAPP,1.28E-03,1.53E-01,8.04E-04,9.60E-02
Total,Baseline,2014,CAPP,1.40E-03,1.44E-01,8.79E-04,9.05E-02
Total,Baseline,2015,CAPP,1.78E-03,1.48E-01,1.12E-03,9.27E-02
Total,Baseline,2016,CAPP,1.09E-03,1.46E-01,6.82E-04,9.16E-02
Total,Baseline,2017,CAPP,1.04E-03,1.25E-01,6.51E-04,7.81E-02
Total,Baseline,2018,CAPP,1.88E-03,1.86E-01,1.18E-03,1.17E-01
Total,Baseline,1980,EAPP,1.59E-01,2.15E+00,1.03E-01,1.40E+00
Total,Baseline,1981,EAPP,1.58E-01,2.10E+00,1.02E-01,1.36E+00
Total,Baseline,1982,EAPP,1.52E-01,1.98E+00,9.82E-02,1.28E+00
Total,Baseline,1983,EAPP,1.44E-01,1.72E+00,9.36E-02,1.11E+00
Total,Baseline,1984,EAPP,1.57E-01,2.06E+00,1.02E-01,1.33E+00
Total,Baseline,1985,EAPP,1.82E-01,2.13E+00,1.18E-01,1.38E+00
Total,Baseline,1986,EAPP,1.72E-01,2.22E+00,1.11E-01,1.44E+00
Total,Baseline,1987,EAPP,1.71E-01,2.27E+00,1.11E-01,1.47E+00
Total,Baseline,1988,EAPP,1.80E-01,2.22E+00,1.17E-01,1.44E+00
Total,Baseline,1989,EAPP,1.59E-01,2.18E+00,1.03E-01,1.41E+00
Total,Baseline,1990,EAPP,1.49E-01,2.01E+00,9.63E-02,1.31E+00
Total,Baseline,1991,EAPP,1.58E-01,2.07E+00,1.02E-01,1.34E+00
Total,Baseline,1992,EAPP,1.41E-01,1.92E+00,9.15E-02,1.25E+00
Total,Baseline,1993,EAPP,1.36E-01,1.81E+00,8.83E-02,1.17E+00
Total,Baseline,1994,EAPP,1.54E-01,1.90E+00,9.99E-02,1.23E+00
Total,Baseline,1995,EAPP,1.49E-01,1.96E+00,9.67E-02,1.27E+00
Total,Baseline,1996,EAPP,1.70E-01,2.23E+00,1.10E-01,1.44E+00
Total,Baseline,1997,EAPP,1.47E-01,1.97E+00,9.51E-02,1.28E+00
Total,Baseline,1998,EAPP,1.70E-01,2.01E+00,1.10E-01,1.30E+00
Total,Baseline,1999,EAPP,1.54E-01,1.87E+00,1.00E-01,1.21E+00
Total,Baseline,2000,EAPP,1.19E-01,1.80E+00,7.72E-02,1.17E+00
Total,Baseline,2001,EAPP,1.49E-01,1.93E+00,9.63E-02,1.25E+00
Total,Baseline,2002,EAPP,1.31E-01,1.77E+00,8.48E-02,1.15E+00
Total,Baseline,2003,EAPP,1.43E-01,1.86E+00,9.25E-02,1.20E+00
Total,Baseline,2004,EAPP,1.31E-01,1.83E+00,8.52E-02,1.18E+00
Total,Baseline,2005,EAPP,1.30E-01,1.79E+00,8.46E-02,1.16E+00
Total,Baseline,2006,EAPP,1.46E-01,1.96E+00,9.47E-02,1.27E+00
Total,Baseline,2007,EAPP,1.46E-01,1.83E+00,9.47E-02,1.19E+00
Total,Baseline,2008,EAPP,1.31E-01,1.73E+00,8.49E-02,1.12E+00
Total,Baseline,2009,EAPP,1.18E-01,1.85E+00,7.65E-02,1.20E+00
Total,Baseline,2010,EAPP,1.40E-01,1.94E+00,9.07E-02,1.25E+00
Total,Baseline,2011,EAPP,1.41E-01,1.94E+00,9.13E-02,1.26E+00
Total,Baseline,2012,EAPP,1.44E-01,1.97E+00,9.34E-02,1.28E+00
Total,Baseline,2013,EAPP,1.37E-01,1.85E+00,8.90E-02,1.20E+00
Total,Baseline,2014,EAPP,1.30E-01,1.74E+00,8.42E-02,1.13E+00
Total,Baseline,2015,EAPP,1.14E-01,1.61E+00,7.37E-02,1.04E+00
Total,Baseline,2016,EAPP,1.28E-01,1.62E+00,8.31E-02,1.05E+00
Total,Baseline,2017,EAPP,1.22E-01,1.64E+00,7.90E-02,1.06E+00
Total,Baseline,2018,EAPP,1.33E-01,1.85E+00,8.61E-02,1.20E+00
Total,Baseline,1980,NAPP,1.48E-02,7.68E-01,1.17E-02,6.09E-01
Total,Baseline,1981,NAPP,1.54E-02,7.92E-01,1.23E-02,6.29E-01
Total,Baseline,1982,NAPP,1.43E-02,7.56E-01,1.14E-02,6.00E-01
Total,Baseline,1983,NAPP,1.30E-02,6.65E-01,1.03E-02,5.28E-01
Total,Baseline,1984,NAPP,1.31E-02,7.27E-01,1.04E-02,5.77E-01
Total,Baseline,1985,NAPP,1.37E-02,7.94E-01,1.09E-02,6.30E-01
Total,Baseline,1986,NAPP,1.53E-02,8.13E-01,1.21E-02,6.45E-01
Total,Baseline,1987,NAPP,1.50E-02,7.22E-01,1.19E-02,5.73E-01
Total,Baseline,1988,NAPP,1.44E-02,7.47E-01,1.15E-02,5.93E-01
Total,Baseline,1989,NAPP,1.42E-02,7.64E-01,1.13E-02,6.06E-01
Total,Baseline,1990,NAPP,1.37E-02,6.98E-01,1.09E-02,5.54E-01
Total,Baseline,1991,NAPP,1.50E-02,7.47E-01,1.19E-02,5.93E-01
Total,Baseline,1992,NAPP,1.32E-02,7.22E-01,1.05E-02,5.73E-01
Total,Baseline,1993,NAPP,1.31E-02,6.92E-01,1.04E-02,5.49E-01
Total,Baseline,1994,NAPP,1.51E-02,7.63E-01,1.20E-02,6.06E-01
Total,Baseline,1995,NAPP,1.41E-02,6.90E-01,1.12E-02,5.48E-01
Total,Baseline,1996,NAPP,1.47E-02,7.34E-01,1.16E-02,5.83E-01
Total,Baseline,1997,NAPP,1.20E-02,6.64E-01,9.56E-03,5.27E-01
Total,Baseline,1998,NAPP,1.57E-02,8.14E-01,1.24E-02,6.46E-01
Total,Baseline,1999,NAPP,1.34E-02,7.17E-01,1.06E-02,5.69E-01
Total,Baseline,2000,NAPP,1.00E-02,5.37E-01,7.97E-03,4.26E-01
Total,Baseline,2001,NAPP,1.40E-02,7.19E-01,1.11E-02,5.71E-01
Total,Baseline,2002,NAPP,1.30E-02,6.73E-01,1.03E-02,5.34E-01
Total,Baseline,2003,NAPP,1.42E-02,7.61E-01,1.12E-02,6.04E-01
Total,Baseline,2004,NAPP,1.35E-02,7.21E-01,1.07E-02,5.72E-01
Total,Baseline,2005,NAPP,1.35E-02,6.88E-01,1.07E-02,5.46E-01
Total,Baseline,2006,NAPP,1.27E-02,6.86E-01,1.01E-02,5.44E-01
Total,Baseline,2007,NAPP,1.38E-02,7.53E-01,1.09E-02,5.98E-01
Total,Baseline,2008,NAPP,1.25E-02,6.86E-01,9.90E-03,5.44E-01
Total,Baseline,2009,NAPP,1.44E-02,7.27E-01,1.15E-02,5.77E-01
Total,Baseline,2010,NAPP,1.58E-02,7.95E-01,1.25E-02,6.31E-01
Total,Baseline,2011,NAPP,1.29E-02,7.41E-01,1.02E-02,5.88E-01
Total,Baseline,2012,NAPP,1.45E-02,7.63E-01,1.15E-02,6.06E-01
Total,Baseline,2013,NAPP,1.48E-02,7.76E-01,1.18E-02,6.16E-01
Total,Baseline,2014,NAPP,1.30E-02,7.38E-01,1.03E-02,5.86E-01
Total,Baseline,2015,NAPP,1.51E-02,7.74E-01,1.20E-02,6.14E-01
Total,Baseline,2016,NAPP,1.47E-02,7.05E-01,1.16E-02,5.59E-01
Total,Baseline,2017,NAPP,1.26E-02,6.60E-01,1.00E-02,5.24E-01
Total,Baseline,2018,NAPP,1.40E-02,7.85E-01,1.11E-02,6.23E-01
Total,Baseline,1980,SAPP,1.71E-02,1.20E+00,1.14E-02,8.08E-01
Total,Baseline,1981,SAPP,1.48E-02,1.06E+00,9.95E-03,7.14E-01
Total,Baseline,1982,SAPP,1.50E-02,1.03E+00,1.01E-02,6.93E-01
Total,Baseline,1983,SAPP,1.69E-02,1.08E+00,1.13E-02,7.27E-01
Total,Baseline,1984,SAPP,1.65E-02,1.07E+00,1.10E-02,7.18E-01
Total,Baseline,1985,SAPP,1.82E-02,1.22E+00,1.22E-02,8.21E-01
Total,Baseline,1986,SAPP,1.61E-02,1.12E+00,1.08E-02,7.52E-01
Total,Baseline,1987,SAPP,1.76E-02,1.21E+00,1.18E-02,8.13E-01
Total,Baseline,1988,SAPP,1.53E-02,1.04E+00,1.02E-02,6.98E-01
Total,Baseline,1989,SAPP,1.51E-02,1.10E+00,1.01E-02,7.36E-01
Total,Baseline,1990,SAPP,1.56E-02,1.07E+00,1.05E-02,7.17E-01
Total,Baseline,1991,SAPP,1.55E-02,1.06E+00,1.04E-02,7.11E-01
Total,Baseline,1992,SAPP,1.42E-02,9.58E-01,9.50E-03,6.42E-01
Total,Baseline,1993,SAPP,1.42E-02,9.91E-01,9.54E-03,6.65E-01
Total,Baseline,1994,SAPP,1.42E-02,9.97E-01,9.53E-03,6.69E-01
Total,Baseline,1995,SAPP,1.62E-02,1.11E+00,1.09E-02,7.47E-01
Total,Baseline,1996,SAPP,1.32E-02,9.41E-01,8.84E-03,6.31E-01
Total,Baseline,1997,SAPP,1.30E-02,8.24E-01,8.70E-03,5.52E-01
Total,Baseline,1998,SAPP,1.96E-02,1.26E+00,1.31E-02,8.47E-01
Total,Baseline,1999,SAPP,1.29E-02,9.28E-01,8.63E-03,6.23E-01
Total,Baseline,2000,SAPP,7.46E-03,6.74E-01,5.01E-03,4.52E-01
Total,Baseline,2001,SAPP,1.66E-02,1.07E+00,1.11E-02,7.15E-01
Total,Baseline,2002,SAPP,1.57E-02,9.48E-01,1.05E-02,6.36E-01
Total,Baseline,2003,SAPP,1.44E-02,9.59E-01,9.69E-03,6.43E-01
Total,Baseline,2004,SAPP,1.36E-02,8.64E-01,9.11E-03,5.79E-01
Total,Baseline,2005,SAPP,1.44E-02,9.21E-01,9.66E-03,6.18E-01
Total,Baseline,2006,SAPP,1.40E-02,8.63E-01,9.42E-03,5.79E-01
Total,Baseline,2007,SAPP,1.63E-02,1.04E+00,1.09E-02,6.97E-01
Total,Baseline,2008,SAPP,1.28E-02,8.84E-01,8.60E-03,5.93E-01
Total,Baseline,2009,SAPP,1.17E-02,8.31E-01,7.83E-03,5.58E-01
Total,Baseline,2010,SAPP,1.74E-02,1.16E+00,1.16E-02,7.81E-01
Total,Baseline,2011,SAPP,1.50E-02,9.67E-01,1.00E-02,6.49E-01
Total,Baseline,2012,SAPP,1.49E-02,9.78E-01,1.00E-02,6.56E-01
Total,Baseline,2013,SAPP,1.63E-02,1.04E+00,1.09E-02,6.96E-01
Total,Baseline,2014,SAPP,1.56E-02,9.89E-01,1.05E-02,6.64E-01
Total,Baseline,2015,SAPP,1.59E-02,9.74E-01,1.07E-02,6.53E-01
Total,Baseline,2016,SAPP,1.74E-02,1.14E+00,1.17E-02,7.64E-01
Total,Baseline,2017,SAPP,1.49E-02,9.64E-01,9.98E-03,6.47E-01
Total,Baseline,2018,SAPP,1.85E-02,1.16E+00,1.24E-02,7.78E-01
Total,Baseline,1980,WAPP,2.07E-02,3.10E-01,1.65E-02,2.46E-01
Total,Baseline,1981,WAPP,2.12E-02,3.26E-01,1.69E-02,2.59E-01
Total,Baseline,1982,WAPP,2.08E-02,3.15E-01,1.66E-02,2.51E-01
Total,Baseline,1983,WAPP,1.94E-02,2.64E-01,1.55E-02,2.10E-01
Total,Baseline,1984,WAPP,1.94E-02,2.84E-01,1.55E-02,2.26E-01
Total,Baseline,1985,WAPP,2.39E-02,3.50E-01,1.90E-02,2.78E-01
Total,Baseline,1986,WAPP,2.32E-02,3.32E-01,1.85E-02,2.64E-01
Total,Baseline,1987,WAPP,2.19E-02,2.98E-01,1.74E-02,2.37E-01
Total,Baseline,1988,WAPP,2.22E-02,3.45E-01,1.77E-02,2.75E-01
Total,Baseline,1989,WAPP,1.94E-02,2.86E-01,1.54E-02,2.28E-01
Total,Baseline,1990,WAPP,2.13E-02,3.10E-01,1.70E-02,2.47E-01
Total,Baseline,1991,WAPP,2.17E-02,2.97E-01,1.73E-02,2.37E-01
Total,Baseline,1992,WAPP,1.92E-02,2.85E-01,1.53E-02,2.26E-01
Total,Baseline,1993,WAPP,1.82E-02,2.88E-01,1.45E-02,2.29E-01
Total,Baseline,1994,WAPP,2.01E-02,3.10E-01,1.60E-02,2.46E-01
Total,Baseline,1995,WAPP,2.06E-02,3.05E-01,1.64E-02,2.43E-01
Total,Baseline,1996,WAPP,2.12E-02,3.18E-01,1.69E-02,2.53E-01
Total,Baseline,1997,WAPP,1.90E-02,2.93E-01,1.51E-02,2.33E-01
Total,Baseline,1998,WAPP,2.19E-02,3.13E-01,1.74E-02,2.49E-01
Total,Baseline,1999,WAPP,1.94E-02,3.06E-01,1.54E-02,2.44E-01
Total,Baseline,2000,WAPP,1.34E-02,2.54E-01,1.07E-02,2.02E-01
Total,Baseline,2001,WAPP,1.84E-02,2.82E-01,1.46E-02,2.24E-01
Total,Baseline,2002,WAPP,1.59E-02,2.38E-01,1.26E-02,1.89E-01
Total,Baseline,2003,WAPP,1.66E-02,2.51E-01,1.32E-02,2.00E-01
Total,Baseline,2004,WAPP,1.58E-02,2.53E-01,1.26E-02,2.01E-01
Total,Baseline,2005,WAPP,1.55E-02,2.34E-01,1.23E-02,1.86E-01
Total,Baseline,2006,WAPP,1.71E-02,2.55E-01,1.36E-02,2.03E-01
Total,Baseline,2007,WAPP,1.89E-02,2.83E-01,1.50E-02,2.25E-01
Total,Baseline,2008,WAPP,1.56E-02,2.43E-01,1.24E-02,1.94E-01
Total,Baseline,2009,WAPP,1.47E-02,2.41E-01,1.17E-02,1.92E-01
Total,Baseline,2010,WAPP,1.89E-02,2.75E-01,1.50E-02,2.19E-01
Total,Baseline,2011,WAPP,1.73E-02,2.58E-01,1.38E-02,2.05E-01
Total,Baseline,2012,WAPP,1.74E-02,2.49E-01,1.38E-02,1.98E-01
Total,Baseline,2013,WAPP,1.90E-02,2.81E-01,1.51E-02,2.24E-01
Total,Baseline,2014,WAPP,1.68E-02,2.73E-01,1.34E-02,2.17E-01
Total,Baseline,2015,WAPP,1.61E-02,2.51E-01,1.28E-02,2.00E-01
Total,Baseline,2016,WAPP,1.58E-02,2.39E-01,1.26E-02,1.91E-01
Total,Baseline,2017,WAPP,1.39E-02,2.39E-01,1.11E-02,1.90E-01
Total,Baseline,2018,WAPP,1.67E-02,2.54E-01,1.33E-02,2.02E-01
Total,Connected,1980,CAPP,0.00140245,1.47E-01,0.000879309,0.09195126
Total,Connected,1981,CAPP,0.000966176,1.14E-01,0.000605774,0.071545414
Total,Connected,1982,CAPP,0.001440008,1.45E-01,0.000902857,0.091054085
Total,Connected,1983,CAPP,0.000776471,1.09E-01,0.000486832,0.068229467
Total,Connected,1984,CAPP,0.000946013,1.43E-01,0.000593132,0.089709767
Total,Connected,1985,CAPP,0.001323639,1.25E-01,0.000829896,0.078072817
Total,Connected,1986,CAPP,0.001708368,1.64E-01,0.001071113,0.102582065
Total,Connected,1987,CAPP,0.001390489,1.41E-01,0.000871809,0.08828189
Total,Connected,1988,CAPP,0.001642669,1.57E-01,0.001029922,0.098598539
Total,Connected,1989,CAPP,0.001727167,1.64E-01,0.0010829,0.102860848
Total,Connected,1990,CAPP,0.001590028,1.53E-01,0.000996917,0.095736796
Total,Connected,1991,CAPP,0.001493393,1.59E-01,0.000936328,0.099626736
Total,Connected,1992,CAPP,0.001136319,1.48E-01,0.00071245,0.092490456
Total,Connected,1993,CAPP,0.000923345,1.14E-01,0.000578919,0.071694841
Total,Connected,1994,CAPP,0.001480783,1.48E-01,0.000928422,0.092755136
Total,Connected,1995,CAPP,0.001183033,1.44E-01,0.000741739,0.090268581
Total,Connected,1996,CAPP,0.001914696,1.71E-01,0.001200477,0.107268932
Total,Connected,1997,CAPP,0.00168526,1.55E-01,0.001056625,0.097456468
Total,Connected,1998,CAPP,0.001193594,1.54E-01,0.00074836,0.096263639
Total,Connected,1999,CAPP,0.001011125,1.43E-01,0.000633956,0.08968749
Total,Connected,2000,CAPP,0.000813273,1.30E-01,0.000509907,0.081238789
Total,Connected,2001,CAPP,0.00076061,1.41E-01,0.000476888,0.088625111
Total,Connected,2002,CAPP,0.001139164,1.51E-01,0.000714234,0.094906295
Total,Connected,2003,CAPP,0.001474726,1.71E-01,0.000924625,0.107512085
Total,Connected,2004,CAPP,0.001318868,1.56E-01,0.000826905,0.098107995
Total,Connected,2005,CAPP,0.000799747,1.36E-01,0.000501426,0.084962508
Total,Connected,2006,CAPP,0.001512748,1.55E-01,0.000948464,0.097305374
Total,Connected,2007,CAPP,0.001142694,1.47E-01,0.000716447,0.091894429
Total,Connected,2008,CAPP,0.001264005,1.52E-01,0.000792507,0.095428869
Total,Connected,2009,CAPP,0.001784449,1.61E-01,0.001118815,0.100927666
Total,Connected,2010,CAPP,0.001637218,1.86E-01,0.001026504,0.116830496
Total,Connected,2011,CAPP,0.001719749,1.88E-01,0.00107825,0.117980116
Total,Connected,2012,CAPP,0.001233529,1.49E-01,0.000773399,0.093711771
Total,Connected,2013,CAPP,0.001281088,1.53E-01,0.000803218,0.095977853
Total,Connected,2014,CAPP,0.001400995,1.44E-01,0.000878397,0.090546756
Total,Connected,2015,CAPP,0.001786942,1.48E-01,0.001120378,0.092742883
Total,Connected,2016,CAPP,0.001085671,1.46E-01,0.000680695,0.091576479
Total,Connected,2017,CAPP,0.001038275,1.24E-01,0.000650978,0.078034344
Total,Connected,2018,CAPP,0.001878836,1.86E-01,0.001177994,0.116895632
Total,Connected,1980,EAPP,0.159371146,2.15E+00,0.103287677,1.396629159
Total,Connected,1981,EAPP,0.158054045,2.10E+00,0.102434071,1.364062913
Total,Connected,1982,EAPP,0.151789557,1.98E+00,0.098374085,1.284641958
Total,Connected,1983,EAPP,0.144703656,1.72E+00,0.093781747,1.11238771
Total,Connected,1984,EAPP,0.15761102,2.06E+00,0.102146948,1.335388007
Total,Connected,1985,EAPP,0.182291099,2.13E+00,0.118141989,1.383238795
Total,Connected,1986,EAPP,0.171646507,2.22E+00,0.11124328,1.437015636
Total,Connected,1987,EAPP,0.171635603,2.27E+00,0.111236213,1.469685815
Total,Connected,1988,EAPP,0.180370768,2.22E+00,0.116897432,1.439826505
Total,Connected,1989,EAPP,0.159292017,2.18E+00,0.103236394,1.412528418
Total,Connected,1990,EAPP,0.148819294,2.01E+00,0.096449073,1.305860052
Total,Connected,1991,EAPP,0.158273245,2.07E+00,0.102576133,1.341309796
Total,Connected,1992,EAPP,0.141517918,1.93E+00,0.091717085,1.247747786
Total,Connected,1993,EAPP,0.136481648,1.81E+00,0.088453103,1.170856147
Total,Connected,1994,EAPP,0.154340102,1.90E+00,0.100027081,1.228747344
Total,Connected,1995,EAPP,0.149642654,1.96E+00,0.096982688,1.269400836
Total,Connected,1996,EAPP,0.170434456,2.23E+00,0.110457755,1.445430136
Total,Connected,1997,EAPP,0.146866802,1.97E+00,0.095183671,1.276641912
Total,Connected,1998,EAPP,0.170634816,2.01E+00,0.110587608,1.302657598
Total,Connected,1999,EAPP,0.154348139,1.87E+00,0.10003229,1.211371349
Total,Connected,2000,EAPP,0.141889003,1.91E+00,0.091957584,1.234655246
Total,Connected,2001,EAPP,0.148607136,1.93E+00,0.096311574,1.252245224
Total,Connected,2002,EAPP,0.131011361,1.77E+00,0.084907836,1.147880648
Total,Connected,2003,EAPP,0.142898524,1.86E+00,0.09261185,1.203439513
Total,Connected,2004,EAPP,0.131789066,1.83E+00,0.085411863,1.184120563
Total,Connected,2005,EAPP,0.13065234,1.79E+00,0.084675156,1.158360927
Total,Connected,2006,EAPP,0.146137059,1.96E+00,0.094710729,1.270522178
Total,Connected,2007,EAPP,0.146175354,1.83E+00,0.094735547,1.186147528
Total,Connected,2008,EAPP,0.131123264,1.73E+00,0.08498036,1.123319215
Total,Connected,2009,EAPP,0.118465196,1.85E+00,0.076776727,1.199923914
Total,Connected,2010,EAPP,0.14016378,1.94E+00,0.090839475,1.254451426
Total,Connected,2011,EAPP,0.141060033,1.94E+00,0.091420333,1.258877156
Total,Connected,2012,EAPP,0.1441617,1.97E+00,0.093430508,1.279577761
Total,Connected,2013,EAPP,0.137494051,1.85E+00,0.089109236,1.196245517
Total,Connected,2014,EAPP,0.130408484,1.75E+00,0.084517115,1.131360436
Total,Connected,2015,EAPP,0.113875372,1.61E+00,0.073802084,1.044921736
Total,Connected,2016,EAPP,0.128301551,1.62E+00,0.083151621,1.051315891
Total,Connected,2017,EAPP,0.121861931,1.64E+00,0.078978135,1.062882085
Total,Connected,2018,EAPP,0.133020196,1.85E+00,0.086209752,1.196076535
Total,Connected,1980,NAPP,0.01475702,7.56E-01,0.011712267,0.599978322
Total,Connected,1981,NAPP,0.015410889,7.81E-01,0.012231226,0.619512313
Total,Connected,1982,NAPP,0.014339534,7.46E-01,0.011380919,0.591976389
Total,Connected,1983,NAPP,0.012999398,6.56E-01,0.010317288,0.520601707
Total,Connected,1984,NAPP,0.013107151,7.18E-01,0.010402809,0.569788536
Total,Connected,1985,NAPP,0.013661079,7.80E-01,0.010842447,0.619081167
Total,Connected,1986,NAPP,0.015238024,8.01E-01,0.012094028,0.635491319
Total,Connected,1987,NAPP,0.014952525,7.11E-01,0.011867435,0.564188536
Total,Connected,1988,NAPP,0.014385294,7.34E-01,0.011417238,0.58288434
Total,Connected,1989,NAPP,0.014246109,7.55E-01,0.01130677,0.599060619
Total,Connected,1990,NAPP,0.013719533,6.87E-01,0.010888841,0.545184934
Total,Connected,1991,NAPP,0.015044374,7.37E-01,0.011940333,0.585113534
Total,Connected,1992,NAPP,0.013251099,7.12E-01,0.010517057,0.565014022
Total,Connected,1993,NAPP,0.013062341,6.82E-01,0.010367245,0.541154142
Total,Connected,1994,NAPP,0.015075862,7.53E-01,0.011965324,0.597755654
Total,Connected,1995,NAPP,0.014029823,6.79E-01,0.01113511,0.538571481
Total,Connected,1996,NAPP,0.014641988,7.23E-01,0.01162097,0.573618915
Total,Connected,1997,NAPP,0.01205731,6.56E-01,0.009569577,0.520254246
Total,Connected,1998,NAPP,0.015636766,8.02E-01,0.012410499,0.636658941
Total,Connected,1999,NAPP,0.013382152,7.07E-01,0.01062107,0.561462617
Total,Connected,2000,NAPP,0.011488203,5.99E-01,0.009117891,0.475700801
Total,Connected,2001,NAPP,0.014004589,7.11E-01,0.011115082,0.564205496
Total,Connected,2002,NAPP,0.01300633,6.66E-01,0.01032279,0.528439879
Total,Connected,2003,NAPP,0.014207573,7.53E-01,0.011276185,0.597798039
Total,Connected,2004,NAPP,0.013541493,7.12E-01,0.010747535,0.565463573
Total,Connected,2005,NAPP,0.013525454,6.80E-01,0.010734805,0.539305389
Total,Connected,2006,NAPP,0.012736904,6.78E-01,0.010108953,0.538114001
Total,Connected,2007,NAPP,0.01379186,7.43E-01,0.010946245,0.5895681
Total,Connected,2008,NAPP,0.012472748,6.77E-01,0.0098993,0.537557724
Total,Connected,2009,NAPP,0.014451489,7.19E-01,0.011469775,0.57074607
Total,Connected,2010,NAPP,0.015808679,7.86E-01,0.012546942,0.624005861
Total,Connected,2011,NAPP,0.012917821,7.32E-01,0.010252543,0.581238929
Total,Connected,2012,NAPP,0.014552999,7.55E-01,0.011550341,0.59924557
Total,Connected,2013,NAPP,0.014816792,7.67E-01,0.011759707,0.609098885
Total,Connected,2014,NAPP,0.013045793,7.30E-01,0.010354111,0.579051514
Total,Connected,2015,NAPP,0.01515603,7.66E-01,0.012028951,0.607646961
Total,Connected,2016,NAPP,0.014657738,6.96E-01,0.01163347,0.552252843
Total,Connected,2017,NAPP,0.012619654,6.52E-01,0.010015895,0.517095939
Total,Connected,2018,NAPP,0.014037678,7.77E-01,0.011141344,0.616934317
Total,Connected,1980,SAPP,0.017128414,1.21E+00,0.011488689,0.808819192
Total,Connected,1981,SAPP,0.014871312,1.06E+00,0.009974764,0.714239413
Total,Connected,1982,SAPP,0.015095467,1.03E+00,0.010125113,0.692819235
Total,Connected,1983,SAPP,0.016964053,1.08E+00,0.011378446,0.727366281
Total,Connected,1984,SAPP,0.016504344,1.07E+00,0.011070101,0.717311626
Total,Connected,1985,SAPP,0.018281581,1.22E+00,0.012262163,0.821344472
Total,Connected,1986,SAPP,0.016166916,1.12E+00,0.010843775,0.752152993
Total,Connected,1987,SAPP,0.017647461,1.21E+00,0.011836834,0.812981606
Total,Connected,1988,SAPP,0.015309323,1.04E+00,0.010268555,0.697747561
Total,Connected,1989,SAPP,0.015129863,1.10E+00,0.010148184,0.735569582
Total,Connected,1990,SAPP,0.015695688,1.07E+00,0.010527705,0.717398408
Total,Connected,1991,SAPP,0.015552005,1.06E+00,0.010431331,0.711643098
Total,Connected,1992,SAPP,0.014204114,9.57E-01,0.009527248,0.641928528
Total,Connected,1993,SAPP,0.014260245,9.90E-01,0.009564897,0.664212175
Total,Connected,1994,SAPP,0.014263079,9.97E-01,0.009566798,0.668481073
Total,Connected,1995,SAPP,0.016245006,1.11E+00,0.010896153,0.746342951
Total,Connected,1996,SAPP,0.013206514,9.41E-01,0.008858119,0.630868065
Total,Connected,1997,SAPP,0.012992578,8.22E-01,0.008714624,0.551607829
Total,Connected,1998,SAPP,0.019599651,1.26E+00,0.013146243,0.846697096
Total,Connected,1999,SAPP,0.012891079,9.28E-01,0.008646545,0.622359542
Total,Connected,2000,SAPP,0.010544972,7.98E-01,0.00707292,0.53499238
Total,Connected,2001,SAPP,0.016680691,1.07E+00,0.011188384,0.715081427
Total,Connected,2002,SAPP,0.015745178,9.47E-01,0.010560899,0.635462271
Total,Connected,2003,SAPP,0.014490399,9.58E-01,0.009719271,0.642895755
Total,Connected,2004,SAPP,0.013624062,8.63E-01,0.009138185,0.578992991
Total,Connected,2005,SAPP,0.014449466,9.21E-01,0.009691815,0.617778208
Total,Connected,2006,SAPP,0.014099347,8.64E-01,0.009456977,0.579247482
Total,Connected,2007,SAPP,0.016354315,1.04E+00,0.010969471,0.695988733
Total,Connected,2008,SAPP,0.012853276,8.84E-01,0.008621189,0.592749165
Total,Connected,2009,SAPP,0.011721539,8.30E-01,0.007862089,0.556444167
Total,Connected,2010,SAPP,0.017426837,1.17E+00,0.011688853,0.782283955
Total,Connected,2011,SAPP,0.01500547,9.67E-01,0.010064748,0.648484197
Total,Connected,2012,SAPP,0.014960421,9.78E-01,0.010034533,0.656040774
Total,Connected,2013,SAPP,0.016309745,1.04E+00,0.010939576,0.696174834
Total,Connected,2014,SAPP,0.015608567,9.89E-01,0.010469269,0.663306599
Total,Connected,2015,SAPP,0.015930696,9.73E-01,0.010685333,0.652864552
Total,Connected,2016,SAPP,0.017430872,1.14E+00,0.011691559,0.7634629
Total,Connected,2017,SAPP,0.014931363,9.64E-01,0.010015042,0.646688484
Total,Connected,2018,SAPP,0.018557139,1.16E+00,0.01244699,0.778232367
Total,Connected,1980,WAPP,0.02077532,3.33E-01,0.016531717,0.265299225
Total,Connected,1981,WAPP,0.021258149,3.47E-01,0.016915922,0.275818313
Total,Connected,1982,WAPP,0.020887829,3.38E-01,0.016621245,0.268773854
Total,Connected,1983,WAPP,0.019496586,2.86E-01,0.01551418,0.227542016
Total,Connected,1984,WAPP,0.019489741,3.04E-01,0.015508733,0.24207245
Total,Connected,1985,WAPP,0.023965178,3.85E-01,0.019070009,0.306000957
Total,Connected,1986,WAPP,0.023289215,3.58E-01,0.01853212,0.284557702
Total,Connected,1987,WAPP,0.021956927,3.29E-01,0.017471967,0.26172705
Total,Connected,1988,WAPP,0.02223291,3.72E-01,0.017691577,0.296027638
Total,Connected,1989,WAPP,0.019455564,3.10E-01,0.015481537,0.246570761
Total,Connected,1990,WAPP,0.021391638,3.31E-01,0.017022144,0.263381497
Total,Connected,1991,WAPP,0.021769051,3.20E-01,0.017322467,0.25429516
Total,Connected,1992,WAPP,0.019298278,3.03E-01,0.015356378,0.241217741
Total,Connected,1993,WAPP,0.018288143,3.10E-01,0.014552575,0.246319526
Total,Connected,1994,WAPP,0.020113305,3.31E-01,0.016004927,0.263462974
Total,Connected,1995,WAPP,0.020606585,3.23E-01,0.016397448,0.257350551
Total,Connected,1996,WAPP,0.021233422,3.45E-01,0.016896246,0.274664015
Total,Connected,1997,WAPP,0.01901798,3.14E-01,0.015133334,0.249725304
Total,Connected,1998,WAPP,0.021933546,3.41E-01,0.017453362,0.271215685
Total,Connected,1999,WAPP,0.019396839,3.25E-01,0.015434807,0.258990463
Total,Connected,2000,WAPP,0.018187885,3.22E-01,0.014472796,0.256063815
Total,Connected,2001,WAPP,0.018403813,3.02E-01,0.014644618,0.240576584
Total,Connected,2002,WAPP,0.015928475,2.54E-01,0.012674897,0.201755692
Total,Connected,2003,WAPP,0.016591063,2.66E-01,0.013202144,0.211349367
Total,Connected,2004,WAPP,0.015850826,2.68E-01,0.012613109,0.213345707
Total,Connected,2005,WAPP,0.015504685,2.50E-01,0.012337671,0.19889928
Total,Connected,2006,WAPP,0.017129143,2.72E-01,0.013630314,0.216481567
Total,Connected,2007,WAPP,0.018951076,3.00E-01,0.015080096,0.238901152
Total,Connected,2008,WAPP,0.01566877,2.58E-01,0.01246824,0.205356305
Total,Connected,2009,WAPP,0.014740474,2.54E-01,0.011729559,0.202156634
Total,Connected,2010,WAPP,0.018956865,2.95E-01,0.015084703,0.234519142
Total,Connected,2011,WAPP,0.017378117,2.75E-01,0.013828433,0.219107948
Total,Connected,2012,WAPP,0.017429564,2.68E-01,0.013869371,0.212869999
Total,Connected,2013,WAPP,0.018993275,3.00E-01,0.015113675,0.238983429
Total,Connected,2014,WAPP,0.016809187,2.91E-01,0.013375713,0.231665152
Total,Connected,2015,WAPP,0.016103656,2.65E-01,0.012814295,0.211185266
Total,Connected,2016,WAPP,0.01586093,2.56E-01,0.012621149,0.203422645
Total,Connected,2017,WAPP,0.013948695,2.54E-01,0.011099511,0.201953208
Total,Connected,2018,WAPP,0.016694254,2.71E-01,0.013284257,0.215395107
